{
  "project_info": {
    "project_number": "67651752928",
    "project_id": "fitness-6639d",
    "storage_bucket": "fitness-6639d.appspot.com"
  },
  "client": [
    {
      "client_info": {
        "mobilesdk_app_id": "1:67651752928:android:caed84b7d22e549509d185",
        "android_client_info": {
          "package_name": "com.example.a4fitness_1"
        }
      },
      "oauth_client": [
        {
          "client_id": "67651752928-n39cn049gp3hq6onmikojtljkil6nqh7.apps.googleusercontent.com",
          "client_type": 3
        }
      ],
      "api_key": [
        {
          "current_key": "AIzaSyBMwkZAMRKjeNr4mFkyLumyZ9G_iWX0ijo"
        }
      ],
      "services": {
        "appinvite_service": {
          "other_platform_oauth_client": [
            {
              "client_id": "67651752928-n39cn049gp3hq6onmikojtljkil6nqh7.apps.googleusercontent.com",
              "client_type": 3
            }
          ]
        }
      }
    }
  ],
  "configuration_version": "1"
}